Staff Number,Rank,Supervisor ID,Coordinator ID,FKGL,FRE,GFI,CLI,Completion_Rate,Assessment_Scores,VTRAC_Usage(hrs),Cluster
-1.7261792619185123,1.3414342333951308,-1.7261792619185123,-1.7261792619185123,2.0455049046369234,-2.3114694294567575,3.543548140124277,0.4182793378079804,1.451070815613744,-0.9655257729396955,-0.9481386457666723,2
-1.7057427128243716,-0.44356973151709195,-1.7057427128243716,-1.7057427128243716,2.0455049046369234,-2.3114694294567575,3.543548140124277,0.4182793378079804,1.2791061859065762,1.7080224548955394,0.4743599964411459,2
-1.6929265718670292,-1.3360717139732032,-1.6929265718670292,-1.6929265718670292,2.1050814433403837,-2.3339004794412195,3.5871504758057293,1.886617817117514,-1.5067208153495424,-1.2740121069206842,0.7434813611831657,2
-1.68634531029434,-1.3360717139732032,-1.68634531029434,-1.68634531029434,2.0455049046369234,-2.3114694294567575,3.543548140124277,0.4182793378079804,-1.4723278894081089,-1.1026308102645794,-1.4479354660018515,2
-1.6787249021575417,0.4489322509390194,-1.6787249021575417,-1.6787249021575417,3.8480771013057216,-4.181091920772489,3.543548140124277,-0.748454480886623,1.210320334023709,1.193878564927225,1.0894945444229054,2
-1.675607462465215,1.3414342333951308,-1.675607462465215,-1.675607462465215,3.3663727798230427,-3.602746523636169,3.630752811487184,1.4037857946418562,0.31610425954643634,0.268419562984259,1.4355077276626442,2
-1.6700653474566347,0.4489322509390194,-1.6700653474566347,-1.6700653474566347,3.3663727798230427,-3.602746523636169,3.630752811487184,1.4037857946418562,-0.6812905927551369,-0.28000058631527636,1.5892913646580842,2
-1.6693725830805621,0.4489322509390194,-1.6693725830805621,-1.6693725830805621,3.0063675416747833,-3.2687117250990845,3.5871504758057293,1.886617817117514,-1.5411137412909761,0.43980085964036386,1.4355077276626442,2
-1.6666015255762718,1.3414342333951308,-1.6666015255762718,-1.6666015255762718,2.0455049046369234,-2.3114694294567575,3.543548140124277,1.0016462471552816,-1.2659703337595076,0.13131452565937518,1.4355077276626442,2
-1.6662551433882355,-0.44356973151709195,-1.6662551433882355,-1.6662551433882355,2.0455049046369234,-2.3114694294567575,3.543548140124277,0.4182793378079804,0.6256405930193384,-1.445393403576789,-0.1407745515406135,2
-1.6645232324480541,-0.44356973151709195,-1.6645232324480541,-1.6645232324480541,3.8480771013057216,-4.181091920772489,3.543548140124277,1.0016462471552816,-1.3347561856423746,-0.9655257729396955,-1.2172600105086921,2
-1.6610594105676912,1.3414342333951308,-1.6610594105676912,-1.6610594105676912,2.0455049046369234,-2.3114694294567575,3.543548140124277,0.4182793378079804,1.691821297203779,-1.6510509595641147,0.9741568166763251,2
-1.6603666461916187,0.4489322509390194,-1.6603666461916187,-1.6603666461916187,2.1050814433403837,-2.3339004794412195,1.4070336917330224,1.0115674530965622,-1.6786854450567104,-0.554210660965044,-1.0250304642643924,2
-1.6593274996275098,1.3414342333951308,-1.6593274996275098,-1.6593274996275098,2.0455049046369234,-2.3114694294567575,3.543548140124277,1.5850131565025831,-1.1283986299937732,-0.07434303032795059,-0.33300409778491324,2
-1.6589811174394735,1.3414342333951308,-1.6589811174394735,-1.6589811174394735,2.0455049046369234,-2.3114694294567575,3.543548140124277,0.4182793378079804,-1.231577407818074,-1.1711833289270213,-1.2172600105086921,2
-1.6517070914907117,1.3414342333951308,-1.6517070914907117,-1.6517070914907117,3.8480771013057216,-4.181091920772489,3.543548140124277,0.4182793378079804,0.5568547411364713,-0.8284207356148118,1.0894945444229054,2
-1.6433939189778408,-0.44356973151709195,-1.6433939189778408,-1.6433939189778408,2.0455049046369234,-2.3114694294567575,3.543548140124277,1.0016462471552816,0.5912476670779049,1.3995361209145507,0.7050354519343055,2
-1.6319633067726436,0.4489322509390194,-1.6319633067726436,-1.6319633067726436,2.0455049046369234,-2.3114694294567575,3.543548140124277,0.4182793378079804,-1.3691491115838081,1.4338123802457716,-0.33300409778491324,2
-1.6208790767554826,-1.3360717139732032,-1.6208790767554826,-1.6208790767554826,2.164657982043844,-2.356331529425681,2.1773416221053785,1.5982414310909576,0.8663910746093734,1.2624310835896668,1.3970618184137844,2
-1.6167224904990471,-1.3360717139732032,-1.6167224904990471,-1.6167224904990471,3.8480771013057216,-4.181091920772489,3.543548140124277,2.168380065849885,-1.0252198521694726,0.7825634529525735,-0.8712468272689523,2
-1.6094484645502853,-1.3360717139732032,-1.6094484645502853,-1.6094484645502853,2.0455049046369234,-2.3114694294567575,3.543548140124277,0.4182793378079804,0.45367596331217064,-1.1711833289270213,-1.0634763735132522,2
-1.5921293551484712,-1.3360717139732032,-1.5921293551484712,-1.5921293551484712,2.0455049046369234,-2.3114694294567575,3.543548140124277,0.4182793378079804,-1.2659703337595076,0.9196684902774573,-0.1407745515406135,2
-1.5727319526184393,0.4489322509390194,-1.5727319526184393,-1.5727319526184393,2.164657982043844,-2.356331529425681,2.1773416221053785,2.181608340438258,0.7288193708436391,0.4055246003091429,0.05145499470368625,2
-1.5689217485500402,0.4489322509390194,-1.5689217485500402,-1.5689217485500402,3.3663727798230427,-3.602746523636169,3.630752811487184,1.4037857946418562,0.5224618151950378,-0.622763179627486,-1.6401650122461513,2
-1.5602621938491332,0.4489322509390194,-1.5602621938491332,-1.5602621938491332,2.0455049046369234,-2.3114694294567575,3.543548140124277,0.4182793378079804,0.14413962983926853,0.7482871936213525,-1.7170568307438714,2
-1.556451989780734,-0.44356973151709195,-1.556451989780734,-1.556451989780734,3.8480771013057216,-4.181091920772489,3.543548140124277,-0.16508757153932133,0.10974670389783499,1.193878564927225,0.2821304501968462,2
-1.5436358488233917,1.3414342333951308,-1.5436358488233917,-1.5436358488233917,7.453221494643322,-7.920336903403949,3.543548140124277,4.501847703239091,1.7262142231452124,0.5083533783028058,-0.4098959162826329,2
-1.522160153165142,0.4489322509390194,-1.522160153165142,-1.522160153165142,2.0455049046369234,-2.3114694294567575,3.543548140124277,0.4182793378079804,-0.23418255551650063,-1.1711833289270213,1.2817240906672052,2
-1.516964420344598,0.4489322509390194,-1.516964420344598,-1.516964420344598,2.164657982043844,-2.356331529425681,2.1773416221053785,1.5982414310909576,1.2791061859065762,-0.657039438958707,0.16679272245026638,2
-1.5141933628403077,-0.44356973151709195,-1.5141933628403077,-1.5141933628403077,2.0455049046369234,-2.3114694294567575,3.543548140124277,0.4182793378079804,1.7262142231452124,1.0224972682711202,-0.7174631902735126,2
-1.5079584834556545,1.3414342333951308,-1.5079584834556545,-1.5079584834556545,2.0455049046369234,-2.3114694294567575,3.543548140124277,0.4182793378079804,-0.3373613333408013,-0.554210660965044,1.5123995461603645,2
-1.4916785206179493,0.4489322509390194,-1.4916785206179493,-1.4916785206179493,2.0455049046369234,-2.3114694294567575,3.543548140124277,0.4182793378079804,-0.7844693705794377,-0.4856581423026021,-0.1407745515406135,2
-1.4792087618486431,-0.44356973151709195,-1.4792087618486431,-1.4792087618486431,2.0455049046369234,-2.3114694294567575,3.543548140124277,0.4182793378079804,-0.8876481484037383,-1.3082883662519051,1.5892913646580842,2
-1.4760913221563166,0.4489322509390194,-1.4760913221563166,-1.4760913221563166,3.907653640009182,-4.203522970756951,3.5871504758057293,2.4699847264648156,1.451070815613744,-0.7598682169523698,-1.5632731937484314,2
-1.4750521755922077,0.4489322509390194,-1.4750521755922077,-1.4750521755922077,2.0455049046369234,-2.3114694294567575,3.543548140124277,0.4182793378079804,1.451070815613744,-1.2740121069206842,-0.8712468272689523,2
-1.4646607099511193,1.3414342333951308,-1.4646607099511193,-1.4646607099511193,3.3663727798230427,-3.602746523636169,3.630752811487184,1.4037857946418562,-0.7156835186965705,-1.548222181570452,-0.10232864229175334,2
-1.4428386321048334,1.3414342333951308,-1.4428386321048334,-1.4428386321048334,2.0455049046369234,-2.3114694294567575,3.543548140124277,0.4182793378079804,-1.5755066672324096,-1.2740121069206842,-0.9096927365178124,2
-1.4404139567885796,0.4489322509390194,-1.4404139567885796,-1.4404139567885796,2.0455049046369234,-2.3114694294567575,3.543548140124277,0.4182793378079804,-0.23418255551650063,0.16559078499059615,-1.7170568307438714,2
-1.4379892814723256,-0.44356973151709195,-1.4379892814723256,-1.4379892814723256,3.907653640009182,-4.203522970756951,3.5871504758057293,2.4699847264648156,-1.3347561856423746,1.5709174175706555,0.5128059056900057,2
-1.4234412295748018,-0.44356973151709195,-1.4234412295748018,-1.4234412295748018,2.0455049046369234,-2.3114694294567575,3.543548140124277,0.4182793378079804,0.5912476670779049,0.16559078499059615,0.5896977241877257,2
-1.414088910497822,0.4489322509390194,-1.414088910497822,-1.414088910497822,2.0455049046369234,-2.3114694294567575,3.543548140124277,-0.16508757153932133,-0.3717542592822349,1.4338123802457716,1.2048322721694849,2
-1.4137425283097858,-1.3360717139732032,-1.4137425283097858,-1.4137425283097858,2.164657982043844,-2.356331529425681,2.1773416221053785,2.181608340438258,0.5224618151950378,1.159602305596004,0.7434813611831657,2
-1.411317852993532,-0.44356973151709195,-1.411317852993532,-1.411317852993532,3.3663727798230427,-3.602746523636169,3.630752811487184,1.4037857946418562,-0.8876481484037383,0.6454584156276896,-1.0250304642643924,2
-1.399194476412262,-0.44356973151709195,-1.399194476412262,-1.399194476412262,7.453221494643322,-7.920336903403949,3.543548140124277,4.501847703239091,0.9695698524336741,-0.588486920296265,-0.6405713717757928,2
-1.385685571078847,0.4489322509390194,-1.385685571078847,-1.385685571078847,3.907653640009182,-4.203522970756951,3.5871504758057293,2.4699847264648156,-0.1653967036336335,0.9882210089398993,0.05145499470368625,2
-1.382221749198484,-1.3360717139732032,-1.382221749198484,-1.382221749198484,2.0455049046369234,-2.3114694294567575,3.543548140124277,0.4182793378079804,0.8663910746093734,-0.3142768456464973,1.6661831831558045,2
-1.3815289848224115,1.3414342333951308,-1.3815289848224115,-1.3815289848224115,2.0455049046369234,-2.3114694294567575,3.543548140124277,0.4182793378079804,-1.6442925191152766,-1.2397358475894633,1.012602725925185,2
-1.3756404876257948,1.3414342333951308,-1.3756404876257948,-1.3756404876257948,2.0455049046369234,-2.3114694294567575,3.543548140124277,0.4182793378079804,0.5912476670779049,0.9539447496086783,-1.0250304642643924,2
-1.3718302835573957,-0.44356973151709195,-1.3718302835573957,-1.3718302835573957,5.65064929797452,-6.050714412088219,3.543548140124277,2.168380065849885,-1.4035420375252419,1.0567735276023411,-0.9096927365178124,2
-1.3652490219847064,1.3414342333951308,-1.3652490219847064,-1.3652490219847064,2.0455049046369234,-2.3114694294567575,3.543548140124277,1.0016462471552816,1.7262142231452124,1.4338123802457716,1.6661831831558045,2
-1.3631707288564887,-0.44356973151709195,-1.3631707288564887,-1.3631707288564887,2.0455049046369234,-2.3114694294567575,3.543548140124277,0.4182793378079804,0.5568547411364713,0.7825634529525735,1.166386362920625,2
-1.3548575563436178,0.4489322509390194,-1.3548575563436178,-1.3548575563436178,2.0455049046369234,-2.3114694294567575,3.543548140124277,0.4182793378079804,-0.8876481484037383,-0.9655257729396955,-0.8712468272689523,2
-1.3503545878991463,1.3414342333951308,-1.3503545878991463,-1.3503545878991463,5.65064929797452,-6.050714412088219,3.543548140124277,2.168380065849885,-0.9220410743451719,0.0284857476657123,-1.178814101259832,2
-1.3472371482068197,0.4489322509390194,-1.3472371482068197,-1.3472371482068197,2.0455049046369234,-2.3114694294567575,3.543548140124277,0.4182793378079804,0.6256405930193384,0.0284857476657123,-0.4098959162826329,2
-1.3430805619503843,0.4489322509390194,-1.3430805619503843,-1.3430805619503843,2.0455049046369234,-2.3114694294567575,3.543548140124277,1.5850131565025831,0.2817113336050028,-0.9998020322709166,0.3974681779434259,2
-1.3430805619503843,0.4489322509390194,-1.3430805619503843,-1.3430805619503843,3.0063675416747833,-3.2687117250990845,3.5871504758057293,1.886617817117514,-0.8188622965208712,1.0567735276023411,-1.2941518290064118,2
-1.3264542169246427,-0.44356973151709195,-1.3264542169246427,-1.3264542169246427,3.0063675416747833,-3.2687117250990845,3.5871504758057293,1.886617817117514,0.5568547411364713,-1.1026308102645794,1.320169999916065,2
-1.3212584841040984,1.3414342333951308,-1.3212584841040984,-1.3212584841040984,3.0063675416747833,-3.2687117250990845,3.5871504758057293,1.303250907770213,-0.5093259630479692,-1.6510509595641147,-1.178814101259832,2
-1.319180190975881,-0.44356973151709195,-1.319180190975881,-1.319180190975881,7.453221494643322,-7.920336903403949,3.543548140124277,4.501847703239091,0.5912476670779049,0.30269582231548,-0.6021254625269328,2
-1.3177946622237358,-0.44356973151709195,-1.3177946622237358,-1.3177946622237358,2.1050814433403837,-2.3339004794412195,3.5871504758057293,1.886617817117514,-1.3003632597009411,0.7482871936213525,0.05145499470368625,2
-1.2942406734372685,-1.3360717139732032,-1.2942406734372685,-1.2942406734372685,2.0455049046369234,-2.3114694294567575,3.543548140124277,0.4182793378079804,-1.6098995931738431,1.0224972682711202,-0.25611227928719327,2
-1.2890449406167244,-1.3360717139732032,-1.2890449406167244,-1.2890449406167244,2.164657982043844,-2.356331529425681,2.1773416221053785,2.181608340438258,-0.9220410743451719,1.6051936769018766,-0.6790172810246526,2
-1.2835028256081438,0.4489322509390194,-1.2835028256081438,-1.2835028256081438,3.3663727798230427,-3.602746523636169,3.630752811487184,1.4037857946418562,1.0727486302579747,0.7825634529525735,1.627737273906944,2
-1.2835028256081438,0.4489322509390194,-1.2835028256081438,-1.2835028256081438,2.0455049046369234,-2.3114694294567575,3.543548140124277,0.4182793378079804,-0.6468976668137034,0.4740771189715848,1.0894945444229054,2
-1.2751896530952729,-0.44356973151709195,-1.2751896530952729,-1.2751896530952729,3.0063675416747833,-3.2687117250990845,3.5871504758057293,1.886617817117514,-0.027824999867899266,-0.8969732542772537,0.43591408719228575,2
-1.267915627146511,-0.44356973151709195,-1.267915627146511,-1.267915627146511,2.1050814433403837,-2.3339004794412195,3.5871504758057293,1.886617817117514,0.45367596331217064,0.9196684902774573,1.051048635174045,2
-1.2647981874541845,-0.44356973151709195,-1.2647981874541845,-1.2647981874541845,2.0455049046369234,-2.3114694294567575,3.543548140124277,0.4182793378079804,-0.3373613333408013,0.4055246003091429,-1.2557059197575517,2
-1.254406721813096,-0.44356973151709195,-1.254406721813096,-1.254406721813096,2.0455049046369234,-2.3114694294567575,3.543548140124277,1.5850131565025831,0.8663910746093734,-1.3082883662519051,-1.6401650122461513,2
-1.2460935493002252,-1.3360717139732032,-1.2460935493002252,-1.2460935493002252,2.0455049046369234,-2.3114694294567575,3.543548140124277,0.4182793378079804,0.8319981486679398,-0.040066770996729624,-0.48678773478035287,2
-1.2166510633171412,0.4489322509390194,-1.2166510633171412,-1.2166510633171412,2.0455049046369234,-2.3114694294567575,3.543548140124277,0.4182793378079804,-1.6786854450567104,-1.2740121069206842,-1.4479354660018515,2
-1.2104161839324883,-1.3360717139732032,-1.2104161839324883,-1.2104161839324883,2.164657982043844,-2.356331529425681,2.1773416221053785,2.181608340438258,1.3478920377894432,1.5366411582394346,0.7050354519343055,2
-1.201756629231581,0.4489322509390194,-1.201756629231581,-1.201756629231581,3.8480771013057216,-4.181091920772489,3.543548140124277,2.168380065849885,-1.4723278894081089,0.268419562984259,-0.48678773478035287,2
-1.1944826032828193,1.3414342333951308,-1.1944826032828193,-1.1944826032828193,2.0455049046369234,-2.3114694294567575,3.543548140124277,1.5850131565025831,-0.750076444638004,-0.588486920296265,-0.6021254625269328,2
-1.1865158129579847,0.4489322509390194,-1.1865158129579847,-1.1865158129579847,5.65064929797452,-6.050714412088219,3.543548140124277,2.168380065849885,1.5886425193794782,0.9196684902774573,1.5123995461603645,2
-1.183398373265658,0.4489322509390194,-1.183398373265658,-1.183398373265658,2.0455049046369234,-2.3114694294567575,3.543548140124277,0.4182793378079804,-0.9564340002866054,0.3712483409779219,-1.6017191029972915,2
-1.178202640445114,-0.44356973151709195,-1.178202640445114,-1.178202640445114,2.0455049046369234,-2.3114694294567575,3.543548140124277,0.4182793378079804,1.6574283712623452,0.09703826632815422,-0.5636795532780728,2
-1.1761243473168963,1.3414342333951308,-1.1761243473168963,-1.1761243473168963,2.0455049046369234,-2.3114694294567575,3.543548140124277,0.4182793378079804,-0.6468976668137034,1.5023648989082137,1.1279404536717652,2
-1.1730069076245697,-0.44356973151709195,-1.1730069076245697,-1.1730069076245697,3.3663727798230427,-3.602746523636169,3.630752811487184,1.4037857946418562,1.519856667496611,1.159602305596004,-0.06388273304289353,2
-1.163308206359554,1.3414342333951308,-1.163308206359554,-1.163308206359554,3.0063675416747833,-3.2687117250990845,3.5871504758057293,1.303250907770213,-0.13100377769219995,0.9882210089398993,-0.8328009180200925,2
-1.1608835310432999,1.3414342333951308,-1.1608835310432999,-1.1608835310432999,3.8480771013057216,-4.181091920772489,3.543548140124277,2.168380065849885,1.3822849637308767,1.3652598615833298,-1.4479354660018515,2
-1.1536095050945379,1.3414342333951308,-1.1536095050945379,-1.1536095050945379,2.0455049046369234,-2.3114694294567575,3.543548140124277,0.4182793378079804,-0.1653967036336335,-0.21144806765283444,1.4739536369115047,2
-1.1518775941543566,-1.3360717139732032,-1.1518775941543566,-1.1518775941543566,2.0455049046369234,-2.3114694294567575,3.543548140124277,0.4182793378079804,-0.23418255551650063,-1.3768408849143472,0.6665895426854457,2
-1.151184829778284,-1.3360717139732032,-1.151184829778284,-1.151184829778284,3.8480771013057216,-4.181091920772489,3.543548140124277,-0.16508757153932133,1.4854637415551775,0.7825634529525735,0.43591408719228575,2
-1.1383686888209414,0.4489322509390194,-1.1383686888209414,-1.1383686888209414,7.453221494643322,-7.920336903403949,3.543548140124277,4.501847703239091,0.04096085201496786,0.9882210089398993,-0.06388273304289353,2
-1.130401898496107,1.3414342333951308,-1.130401898496107,-1.130401898496107,2.0455049046369234,-2.3114694294567575,3.543548140124277,0.4182793378079804,1.2791061859065762,-0.07434303032795059,-0.6790172810246526,2
-1.1213959616071638,-0.44356973151709195,-1.1213959616071638,-1.1213959616071638,2.0455049046369234,-2.3114694294567575,3.543548140124277,0.4182793378079804,-1.4035420375252419,0.8168397122837944,-1.3325977382552718,2
-1.116892993162692,0.4489322509390194,-1.116892993162692,-1.116892993162692,2.0455049046369234,-2.3114694294567575,3.543548140124277,0.4182793378079804,-0.990826926228039,0.0284857476657123,-1.4479354660018515,2
-1.1165466109746558,0.4489322509390194,-1.1165466109746558,-1.1165466109746558,3.907653640009182,-4.203522970756951,3.5871504758057293,2.4699847264648156,0.3504971854878699,0.5083533783028058,0.2821304501968462,2
-1.1075406740857123,1.3414342333951308,-1.1075406740857123,-1.1075406740857123,2.0455049046369234,-2.3114694294567575,3.543548140124277,0.4182793378079804,-1.6098995931738431,0.06276200699693327,0.05145499470368625,2
-1.0780981881026284,-0.44356973151709195,-1.0780981881026284,-1.0780981881026284,2.0455049046369234,-2.3114694294567575,3.543548140124277,0.4182793378079804,-0.40614718522366844,0.23414330365303807,-1.140368192010972,2
-1.0742879840342294,0.4489322509390194,-1.0742879840342294,-1.0742879840342294,2.164657982043844,-2.356331529425681,2.1773416221053785,1.5982414310909576,1.691821297203779,-1.0683545509333585,-0.8712468272689523,2
-1.072556073094048,-0.44356973151709195,-1.072556073094048,-1.072556073094048,3.3663727798230427,-3.602746523636169,3.630752811487184,1.4037857946418562,-0.8188622965208712,0.8853922309462363,-0.025436823794033375,2
-1.0635501362051045,1.3414342333951308,-1.0635501362051045,-1.0635501362051045,3.8480771013057216,-4.181091920772489,3.543548140124277,2.168380065849885,0.4880688892536042,1.2624310835896668,0.16679272245026638,2
-1.0597399321367056,0.4489322509390194,-1.0597399321367056,-1.0597399321367056,3.8480771013057216,-4.181091920772489,3.543548140124277,-0.748454480886623,0.2817113336050028,-1.548222181570452,-1.4863813752507116,2
-1.0438063514870366,0.4489322509390194,-1.0438063514870366,-1.0438063514870366,2.0455049046369234,-2.3114694294567575,3.543548140124277,0.4182793378079804,-0.9564340002866054,-1.0683545509333585,0.43591408719228575,2
-1.0438063514870366,0.4489322509390194,-1.0438063514870366,-1.0438063514870366,3.3663727798230427,-3.602746523636169,3.630752811487184,1.4037857946418562,-1.4723278894081089,1.5709174175706555,-1.6786109214950116,2
-1.0302974461536214,0.4489322509390194,-1.0302974461536214,-1.0302974461536214,2.0455049046369234,-2.3114694294567575,3.543548140124277,0.4182793378079804,-1.3003632597009411,1.6737461955643185,1.5892913646580842,2
-1.0057043108030455,-0.44356973151709195,-1.0057043108030455,-1.0057043108030455,2.0455049046369234,-2.3114694294567575,3.543548140124277,-0.16508757153932133,-1.0940057040523397,-0.07434303032795059,-0.1407745515406135,2
-1.0005085779825011,1.3414342333951308,-1.0005085779825011,-1.0005085779825011,2.1050814433403837,-2.3339004794412195,3.5871504758057293,1.886617817117514,-1.0596127781109062,-0.00579051166550866,0.20523863169912618,2
-0.9966983739141021,-0.44356973151709195,-0.9966983739141021,-0.9966983739141021,7.453221494643322,-7.920336903403949,3.543548140124277,4.501847703239091,-1.231577407818074,0.13131452565937518,-0.44834182553149304,2
-0.9894243479653402,-0.44356973151709195,-0.9894243479653402,-0.9894243479653402,2.0455049046369234,-2.3114694294567575,3.543548140124277,0.4182793378079804,0.6944264449022055,1.7080224548955394,-0.6790172810246526,2
-0.9873460548371226,1.3414342333951308,-0.9873460548371226,-0.9873460548371226,2.0455049046369234,-2.3114694294567575,3.543548140124277,0.4182793378079804,0.8319981486679398,1.193878564927225,-1.140368192010972,2
-0.9869996726490863,-0.44356973151709195,-0.9869996726490863,-0.9869996726490863,3.8480771013057216,-4.181091920772489,3.543548140124277,-0.16508757153932133,-1.6442925191152766,1.0224972682711202,1.320169999916065,2
-0.9793792645122881,-0.44356973151709195,-0.9793792645122881,-0.9793792645122881,2.1050814433403837,-2.3339004794412195,3.5871504758057293,1.886617817117514,-0.027824999867899266,-1.2397358475894633,0.7434813611831657,2
-0.9721052385635262,-0.44356973151709195,-0.9721052385635262,-0.9721052385635262,3.8480771013057216,-4.181091920772489,3.543548140124277,1.0016462471552816,0.7976052227265062,-1.2740121069206842,-0.8328009180200925,2
-0.9710660919994173,0.4489322509390194,-0.9710660919994173,-0.9710660919994173,2.1050814433403837,-2.3339004794412195,3.5871504758057293,1.886617817117514,0.21292548172213568,-0.24572432698405539,-0.5636795532780728,2
-0.9693341810592359,1.3414342333951308,-0.9693341810592359,-0.9693341810592359,2.164657982043844,-2.356331529425681,2.1773416221053785,1.5982414310909576,-1.1627915559352069,-0.8284207356148118,-1.4094895567529917,2
-0.9430091347684784,1.3414342333951308,-0.9430091347684784,-0.9430091347684784,2.0455049046369234,-2.3114694294567575,3.543548140124277,0.4182793378079804,-0.6468976668137034,-1.2740121069206842,0.9357109074274654,2
-0.9225725856743378,-1.3360717139732032,-0.9225725856743378,-0.9225725856743378,5.65064929797452,-6.050714412088219,3.543548140124277,2.168380065849885,-0.6468976668137034,1.296707342920888,-1.6786109214950116,2
-0.8934764818792901,0.4489322509390194,-0.8934764818792901,-0.8934764818792901,2.0455049046369234,-2.3114694294567575,3.543548140124277,1.0016462471552816,-1.1627915559352069,-0.4171056236401602,-1.140368192010972,2
-0.884816927178383,1.3414342333951308,-0.884816927178383,-0.884816927178383,2.164657982043844,-2.356331529425681,2.1773416221053785,1.5982414310909576,-0.9564340002866054,0.8853922309462363,-1.5632731937484314,2
-0.8806603409219477,-1.3360717139732032,-0.8806603409219477,-0.8806603409219477,3.3663727798230427,-3.602746523636169,3.630752811487184,1.4037857946418562,-0.09661085175076639,0.5769058969652476,-1.6017191029972915,2
-0.8726935505971132,-0.44356973151709195,-0.8726935505971132,-0.8726935505971132,3.8480771013057216,-4.181091920772489,3.543548140124277,1.0016462471552816,0.9351769264922405,-1.1369070695958003,0.7050354519343055,2
-0.8508714727508273,0.4489322509390194,-0.8508714727508273,-0.8508714727508273,2.0455049046369234,-2.3114694294567575,3.543548140124277,0.4182793378079804,1.4166778896723105,0.5083533783028058,1.5508454554092244,2
-0.850525090562791,-1.3360717139732032,-0.850525090562791,-0.850525090562791,3.0063675416747833,-3.2687117250990845,3.5871504758057293,1.303250907770213,1.5886425193794782,1.6737461955643185,-0.9096927365178124,2
-0.8470612686824283,0.4489322509390194,-0.8470612686824283,-0.8470612686824283,2.0455049046369234,-2.3114694294567575,3.543548140124277,-0.16508757153932133,-1.6442925191152766,0.0284857476657123,-0.4098959162826329,2
-0.8429046824259928,0.4489322509390194,-0.8429046824259928,-0.8429046824259928,3.8480771013057216,-4.181091920772489,3.543548140124277,-0.16508757153932133,1.2447132599651425,-0.9655257729396955,0.3974681779434259,2
-0.8422119180499203,0.4489322509390194,-0.8422119180499203,-0.8422119180499203,2.0455049046369234,-2.3114694294567575,3.543548140124277,1.5850131565025831,-0.027824999867899266,0.0284857476657123,0.243684540947986,2
-0.837016185229376,-1.3360717139732032,-0.837016185229376,-0.837016185229376,2.0455049046369234,-2.3114694294567575,3.543548140124277,0.4182793378079804,1.5886425193794782,-1.445393403576789,0.3974681779434259,2
-0.8349378921011583,1.3414342333951308,-0.8349378921011583,-0.8349378921011583,2.0455049046369234,-2.3114694294567575,3.543548140124277,0.4182793378079804,-0.3373613333408013,0.0284857476657123,1.6661831831558045,2
-0.833205981160977,1.3414342333951308,-0.833205981160977,-0.833205981160977,2.164657982043844,-2.356331529425681,2.1773416221053785,1.5982414310909576,0.5912476670779049,1.159602305596004,-1.5632731937484314,2
-0.8221217511438159,-1.3360717139732032,-0.8221217511438159,-0.8221217511438159,7.453221494643322,-7.920336903403949,3.543548140124277,4.501847703239091,-1.4723278894081089,-1.47966966290801,0.43591408719228575,2
-0.8145013430070177,-1.3360717139732032,-0.8145013430070177,-0.8145013430070177,2.0455049046369234,-2.3114694294567575,3.543548140124277,1.0016462471552816,1.0039627783751077,-0.21144806765283444,-1.4479354660018515,2
-0.8127694320668363,0.4489322509390194,-0.8127694320668363,-0.8127694320668363,2.0455049046369234,-2.3114694294567575,3.543548140124277,-0.16508757153932133,-1.3003632597009411,1.0224972682711202,1.4355077276626442,2
-0.8009924376736027,-0.44356973151709195,-0.8009924376736027,-0.8009924376736027,3.8480771013057216,-4.181091920772489,3.543548140124277,0.4182793378079804,-1.0596127781109062,0.5426296376340267,-1.178814101259832,2
-0.8006460554855664,-0.44356973151709195,-0.8006460554855664,-0.8006460554855664,3.8480771013057216,-4.181091920772489,3.543548140124277,2.168380065849885,-0.6812905927551369,0.0284857476657123,-1.140368192010972,2
-0.7715499516905188,1.3414342333951308,-0.7715499516905188,-0.7715499516905188,2.0455049046369234,-2.3114694294567575,3.543548140124277,0.4182793378079804,-1.4035420375252419,1.6394699362330976,1.5508454554092244,2
-0.7618512504255028,1.3414342333951308,-0.7618512504255028,-0.7618512504255028,3.8480771013057216,-4.181091920772489,3.543548140124277,2.168380065849885,-1.231577407818074,-0.588486920296265,-1.0250304642643924,2
-0.7587338107331763,0.4489322509390194,-0.7587338107331763,-0.7587338107331763,3.0492155693005163,-0.9908216622217009,2.371288623442558,0.7151348309887243,0.38489011142930346,0.9196684902774573,-1.4094895567529917,2
-0.7549236066647772,0.4489322509390194,-0.7549236066647772,-0.7549236066647772,2.0455049046369234,-2.3114694294567575,3.543548140124277,0.4182793378079804,0.8319981486679398,-1.4111171442455681,0.7434813611831657,2
-0.7531916957245958,-1.3360717139732032,-0.7531916957245958,-0.7531916957245958,3.8480771013057216,-4.181091920772489,3.543548140124277,2.168380065849885,-1.5067208153495424,-0.4171056236401602,0.43591408719228575,2
-0.747303198527979,-0.44356973151709195,-0.747303198527979,-0.747303198527979,2.164657982043844,-2.356331529425681,2.1773416221053785,2.181608340438258,-0.19978962957506707,1.5023648989082137,-1.2941518290064118,2
-0.7466104341519064,-1.3360717139732032,-0.7466104341519064,-0.7466104341519064,2.0455049046369234,-2.3114694294567575,3.543548140124277,0.4182793378079804,-1.0596127781109062,0.7482871936213525,1.2432781814183447,2
-0.7455712875877976,1.3414342333951308,-0.7455712875877976,-0.7455712875877976,3.8480771013057216,-4.181091920772489,3.543548140124277,0.4182793378079804,0.17853255578070212,-0.4171056236401602,1.627737273906944,2
-0.744878523211725,-1.3360717139732032,-0.744878523211725,-0.744878523211725,2.0455049046369234,-2.3114694294567575,3.543548140124277,0.4182793378079804,-0.5093259630479692,-0.9312495136084746,-0.2176663700383331,2
-0.7369117328868905,0.4489322509390194,-0.7369117328868905,-0.7369117328868905,3.3663727798230427,-3.602746523636169,3.630752811487184,1.4037857946418562,-1.0252198521694726,0.7140109342901315,-1.3325977382552718,2
-0.7324087644424189,0.4489322509390194,-0.7324087644424189,-0.7324087644424189,2.0455049046369234,-2.3114694294567575,3.543548140124277,1.0016462471552816,1.2791061859065762,-0.8969732542772537,1.0894945444229054,2
-0.7227100631774029,0.4489322509390194,-0.7227100631774029,-0.7227100631774029,7.453221494643322,-7.920336903403949,3.543548140124277,4.501847703239091,-0.3373613333408013,-0.3828293643089392,0.05145499470368625,2
-0.717860712544895,0.4489322509390194,-0.717860712544895,-0.717860712544895,2.0455049046369234,-2.3114694294567575,3.543548140124277,0.4182793378079804,0.7632122967850726,-1.1369070695958003,-0.48678773478035287,2
-0.7164751837927499,0.4489322509390194,-0.7164751837927499,-0.7164751837927499,2.0455049046369234,-2.3114694294567575,3.543548140124277,0.4182793378079804,-1.1627915559352069,-0.8969732542772537,1.3970618184137844,2
-0.7164751837927499,0.4489322509390194,-0.7164751837927499,-0.7164751837927499,2.1050814433403837,-2.3339004794412195,3.5871504758057293,1.886617817117514,0.0065679260735342975,-0.040066770996729624,-1.140368192010972,2
-0.7133577441004233,1.3414342333951308,-0.7133577441004233,-0.7133577441004233,3.907653640009182,-4.203522970756951,3.5871504758057293,2.4699847264648156,-0.1653967036336335,-0.10861928965917154,-0.2176663700383331,2
-0.7102403044080968,1.3414342333951308,-0.7102403044080968,-0.7102403044080968,2.0455049046369234,-2.3114694294567575,3.543548140124277,0.4182793378079804,1.0039627783751077,1.6737461955643185,-1.140368192010972,2
-0.6849544046814482,1.3414342333951308,-0.6849544046814482,-0.6849544046814482,5.65064929797452,-6.050714412088219,3.543548140124277,2.168380065849885,1.691821297203779,-0.9655257729396955,-0.48678773478035287,2
-0.663825091211235,0.4489322509390194,-0.663825091211235,-0.663825091211235,3.8480771013057216,-4.181091920772489,3.543548140124277,0.4182793378079804,1.5542495934380447,-0.4856581423026021,-0.44834182553149304,2
-0.6627859446471261,0.4489322509390194,-0.6627859446471261,-0.6627859446471261,2.0455049046369234,-2.3114694294567575,3.543548140124277,0.4182793378079804,1.3822849637308767,-1.6853272188953359,-0.525233644029213,2
-0.639231955860659,0.4489322509390194,-0.639231955860659,-0.639231955860659,2.164657982043844,-2.356331529425681,2.1773416221053785,2.181608340438258,-1.6098995931738431,0.6111821562964687,-1.4863813752507116,2
-0.6316115477238607,1.3414342333951308,-0.6316115477238607,-0.6316115477238607,3.8480771013057216,-4.181091920772489,3.543548140124277,2.168380065849885,-1.4723278894081089,1.4338123802457716,0.3974681779434259,2
-0.6267621970913528,-0.44356973151709195,-0.6267621970913528,-0.6267621970913528,2.0455049046369234,-2.3114694294567575,3.543548140124277,0.4182793378079804,1.3822849637308767,0.30269582231548,-1.6017191029972915,2
-0.6215664642708085,0.4489322509390194,-0.6215664642708085,-0.6215664642708085,3.8480771013057216,-4.181091920772489,3.543548140124277,1.0016462471552816,-1.7130783709981439,0.13131452565937518,0.8588190889297455,2
-0.6118677630057927,-0.44356973151709195,-0.6118677630057927,-0.6118677630057927,2.1050814433403837,-2.3339004794412195,3.5871504758057293,1.886617817117514,-0.3717542592822349,0.5083533783028058,-0.4098959162826329,2
-0.6039009726809582,-0.44356973151709195,-0.6039009726809582,-0.6039009726809582,2.0455049046369234,-2.3114694294567575,3.543548140124277,0.4182793378079804,-0.2685754814579342,1.193878564927225,-0.33300409778491324,2
-0.6025154439288131,0.4489322509390194,-0.6025154439288131,-0.6025154439288131,7.453221494643322,-7.920336903403949,3.543548140124277,4.501847703239091,-0.09661085175076639,0.6797346749589106,-0.17922046078947332,2
-0.5952414179800511,-1.3360717139732032,-0.5952414179800511,-0.5952414179800511,2.0455049046369234,-2.3114694294567575,3.543548140124277,1.5850131565025831,-0.6468976668137034,1.0224972682711202,0.5512518149388659,2
-0.5879673920312892,1.3414342333951308,-0.5879673920312892,-0.5879673920312892,3.0063675416747833,-3.2687117250990845,3.5871504758057293,1.886617817117514,1.0039627783751077,1.0567735276023411,-0.525233644029213,2
-0.5775759263902007,-0.44356973151709195,-0.5775759263902007,-0.5775759263902007,3.3663727798230427,-3.602746523636169,3.630752811487184,1.4037857946418562,1.6574283712623452,0.4740771189715848,-0.06388273304289353,2
-0.5709946648175114,-1.3360717139732032,-0.5709946648175114,-0.5709946648175114,2.0455049046369234,-2.3114694294567575,3.543548140124277,0.4182793378079804,-1.6786854450567104,-1.1369070695958003,-0.2176663700383331,2
-0.5457087650908627,0.4489322509390194,-0.5457087650908627,-0.5457087650908627,3.8480771013057216,-4.181091920772489,3.543548140124277,-0.16508757153932133,1.1759274080822755,-0.4171056236401602,-0.1407745515406135,2
-0.5332390063215566,1.3414342333951308,-0.5332390063215566,-0.5332390063215566,2.1050814433403837,-2.3339004794412195,3.5871504758057293,1.886617817117514,-1.1283986299937732,-1.513945922239231,0.6281436334365855,2
-0.5328926241335203,-1.3360717139732032,-0.5328926241335203,-0.5328926241335203,2.0455049046369234,-2.3114694294567575,3.543548140124277,0.4182793378079804,0.6256405930193384,-0.8969732542772537,0.43591408719228575,2
-0.5315070953813752,1.3414342333951308,-0.5315070953813752,-0.5315070953813752,2.0455049046369234,-2.3114694294567575,3.543548140124277,0.4182793378079804,1.2791061859065762,-0.10861928965917154,0.4743599964411459,2
-0.5311607131933389,-1.3360717139732032,-0.5311607131933389,-0.5311607131933389,3.8480771013057216,-4.181091920772489,3.543548140124277,-0.16508757153932133,0.04096085201496786,1.6737461955643185,-0.4098959162826329,2
-0.5294288022531575,0.4489322509390194,-0.5294288022531575,-0.5294288022531575,3.8480771013057216,-4.181091920772489,3.543548140124277,1.0016462471552816,1.1071415561994082,0.7140109342901315,1.4355077276626442,2
-0.5235403050565407,-0.44356973151709195,-0.5235403050565407,-0.5235403050565407,2.0455049046369234,-2.3114694294567575,3.543548140124277,0.4182793378079804,-1.4723278894081089,0.4740771189715848,-0.6790172810246526,2
-0.5013718450222187,-0.44356973151709195,-0.5013718450222187,-0.5013718450222187,2.0455049046369234,-2.3114694294567575,3.543548140124277,0.4182793378079804,-1.231577407818074,0.16559078499059615,-1.5632731937484314,2
-0.4947905834495293,1.3414342333951308,-0.4947905834495293,-0.4947905834495293,2.0455049046369234,-2.3114694294567575,3.543548140124277,0.4182793378079804,-0.30296840739936776,-0.45138188297138115,0.20523863169912618,2
-0.472275741227171,-1.3360717139732032,-0.472275741227171,-0.472275741227171,2.1050814433403837,-2.3339004794412195,3.5871504758057293,1.886617817117514,-0.40614718522366844,0.8853922309462363,-0.2176663700383331,2
-0.4639625687143002,1.3414342333951308,-0.4639625687143002,-0.4639625687143002,3.0063675416747833,-3.2687117250990845,3.5871504758057293,1.303250907770213,-0.06221792580933283,0.4055246003091429,0.12834681320140623,2
-0.4386766689876516,0.4489322509390194,-0.4386766689876516,-0.4386766689876516,2.0455049046369234,-2.3114694294567575,3.543548140124277,1.5850131565025831,0.31610425954643634,-1.2740121069206842,0.5896977241877257,2
-0.4289779677226357,1.3414342333951308,-0.4289779677226357,-0.4289779677226357,2.0455049046369234,-2.3114694294567575,3.543548140124277,0.4182793378079804,-1.231577407818074,-1.47966966290801,1.166386362920625,2
-0.4189328842695835,-1.3360717139732032,-0.4189328842695835,-0.4189328842695835,2.1050814433403837,-2.3339004794412195,3.5871504758057293,1.886617817117514,-0.40614718522366844,0.9196684902774573,0.8972649981786053,2
-0.4175473555174384,-0.44356973151709195,-0.4175473555174384,-0.4175473555174384,2.0455049046369234,-2.3114694294567575,3.543548140124277,0.4182793378079804,1.2791061859065762,1.3995361209145507,1.627737273906944,2
-0.4040384501840234,-1.3360717139732032,-0.4040384501840234,-0.4040384501840234,2.0455049046369234,-2.3114694294567575,3.543548140124277,0.4182793378079804,-1.5755066672324096,0.16559078499059615,1.3586159091649248,2
-0.39849633517544286,-0.44356973151709195,-0.39849633517544286,-0.39849633517544286,2.0455049046369234,-2.3114694294567575,3.543548140124277,0.4182793378079804,0.9351769264922405,1.4680886395769928,-0.25611227928719327,2
-0.39156869141471723,-1.3360717139732032,-0.39156869141471723,-0.39156869141471723,2.0455049046369234,-2.3114694294567575,3.543548140124277,0.4182793378079804,-1.5067208153495424,0.09703826632815422,-1.3325977382552718,2
-0.3891440160984633,-0.44356973151709195,-0.3891440160984633,-0.3891440160984633,3.8480771013057216,-4.181091920772489,3.543548140124277,-0.748454480886623,0.6256405930193384,-1.582498440901673,1.2817240906672052,2
-0.3811772257736288,-0.44356973151709195,-0.3811772257736288,-0.3811772257736288,2.0455049046369234,-2.3114694294567575,3.543548140124277,0.4182793378079804,1.451070815613744,0.43980085964036386,-1.3325977382552718,2
-0.37390319982486686,-1.3360717139732032,-0.37390319982486686,-0.37390319982486686,3.8480771013057216,-4.181091920772489,3.543548140124277,2.168380065849885,-0.23418255551650063,-0.10861928965917154,-1.6401650122461513,2
-0.34688538915803685,1.3414342333951308,-0.34688538915803685,-0.34688538915803685,3.0063675416747833,-3.2687117250990845,3.5871504758057293,1.303250907770213,0.45367596331217064,-0.3828293643089392,-0.10232864229175334,2
-0.33268371944854924,1.3414342333951308,-0.33268371944854924,-0.33268371944854924,2.1050814433403837,-2.3339004794412195,3.5871504758057293,1.886617817117514,-0.19978962957506707,-1.6853272188953359,-1.0634763735132522,2
-0.3302590441322953,0.4489322509390194,-0.3302590441322953,-0.3302590441322953,2.0455049046369234,-2.3114694294567575,3.543548140124277,0.4182793378079804,1.3478920377894432,-1.2740121069206842,1.012602725925185,2
-0.3243705469356785,-1.3360717139732032,-0.3243705469356785,-0.3243705469356785,2.0455049046369234,-2.3114694294567575,3.543548140124277,0.4182793378079804,0.5568547411364713,-1.342564625583126,-1.7170568307438714,2
-0.32402416474764223,1.3414342333951308,-0.32402416474764223,-0.32402416474764223,2.0455049046369234,-2.3114694294567575,3.543548140124277,0.4182793378079804,-1.5411137412909761,1.2624310835896668,-0.4098959162826329,2
-0.31397908129459,1.3414342333951308,-0.31397908129459,-0.31397908129459,2.0455049046369234,-2.3114694294567575,3.543548140124277,0.4182793378079804,-0.3373613333408013,-0.622763179627486,1.3586159091649248,2
-0.3108616416022635,-0.44356973151709195,-0.3108616416022635,-0.3108616416022635,7.453221494643322,-7.920336903403949,3.543548140124277,4.501847703239091,1.691821297203779,-1.1026308102645794,1.627737273906944,2
-0.3025484690893927,-1.3360717139732032,-0.3025484690893927,-0.3025484690893927,3.907653640009182,-4.203522970756951,3.5871504758057293,2.4699847264648156,-0.9220410743451719,-1.2397358475894633,-0.33300409778491324,2
-0.2970063540808122,1.3414342333951308,-0.2970063540808122,-0.2970063540808122,3.8480771013057216,-4.181091920772489,3.543548140124277,0.4182793378079804,-0.1653967036336335,-1.582498440901673,1.4739536369115047,2
-0.29665997189277593,-0.44356973151709195,-0.29665997189277593,-0.29665997189277593,5.65064929797452,-6.050714412088219,3.543548140124277,2.168380065849885,1.3478920377894432,1.3995361209145507,1.4355077276626442,2
-0.2928497678243768,-0.44356973151709195,-0.2928497678243768,-0.2928497678243768,2.0455049046369234,-2.3114694294567575,3.543548140124277,0.4182793378079804,0.5912476670779049,-1.1369070695958003,1.5508454554092244,2
-0.29250338563634054,0.4489322509390194,-0.29250338563634054,-0.29250338563634054,3.907653640009182,-4.203522970756951,3.5871504758057293,2.4699847264648156,-0.9220410743451719,-0.10861928965917154,-0.4098959162826329,2
-0.2904250925081229,-1.3360717139732032,-0.2904250925081229,-0.2904250925081229,2.0455049046369234,-2.3114694294567575,3.543548140124277,0.4182793378079804,0.10974670389783499,-0.7255919576211488,0.6281436334365855,2
-0.2817655378072158,0.4489322509390194,-0.2817655378072158,-0.2817655378072158,2.0455049046369234,-2.3114694294567575,3.543548140124277,0.4182793378079804,-0.8532552224623048,1.0567735276023411,0.43591408719228575,2
-0.2814191556191795,1.3414342333951308,-0.2814191556191795,-0.2814191556191795,2.1050814433403837,-2.3339004794412195,3.5871504758057293,1.886617817117514,0.45367596331217064,-0.3142768456464973,0.3590222686945661,2
-0.2772625693627441,-0.44356973151709195,-0.2772625693627441,-0.2772625693627441,7.453221494643322,-7.920336903403949,3.543548140124277,4.501847703239091,-1.0940057040523397,-1.445393403576789,1.0894945444229054,2
-0.25925069558485747,-0.44356973151709195,-0.25925069558485747,-0.25925069558485747,2.1050814433403837,-2.3339004794412195,3.5871504758057293,1.886617817117514,-0.3373613333408013,-0.3142768456464973,1.1279404536717652,2
-0.25232305182413184,1.3414342333951308,-0.25232305182413184,-0.25232305182413184,3.8480771013057216,-4.181091920772489,3.543548140124277,0.4182793378079804,-0.19978962957506707,-0.7598682169523698,-1.5248272844995716,2
-0.2370822355505354,1.3414342333951308,-0.2370822355505354,-0.2370822355505354,2.0455049046369234,-2.3114694294567575,3.543548140124277,0.4182793378079804,1.0727486302579747,-0.24572432698405539,1.2048322721694849,2
-0.23569670679839028,0.4489322509390194,-0.23569670679839028,-0.23569670679839028,2.0455049046369234,-2.3114694294567575,3.543548140124277,0.4182793378079804,0.5568547411364713,0.8168397122837944,-0.10232864229175334,2
-0.235350324610354,1.3414342333951308,-0.235350324610354,-0.235350324610354,3.0063675416747833,-3.2687117250990845,3.5871504758057293,1.886617817117514,0.7288193708436391,0.3712483409779219,-1.5632731937484314,2
-0.22876906303766462,0.4489322509390194,-0.22876906303766462,-0.22876906303766462,5.65064929797452,-6.050714412088219,3.543548140124277,2.168380065849885,-0.9564340002866054,0.7140109342901315,-0.25611227928719327,2
-0.2270371520974832,-1.3360717139732032,-0.2270371520974832,-0.2270371520974832,2.1050814433403837,-2.3339004794412195,3.5871504758057293,1.886617817117514,0.0065679260735342975,-0.45138188297138115,-1.0634763735132522,2
-0.2235733302171204,0.4489322509390194,-0.2235733302171204,-0.2235733302171204,3.8480771013057216,-4.181091920772489,3.543548140124277,0.4182793378079804,-1.231577407818074,1.193878564927225,-0.44834182553149304,2
-0.22045589052479386,-1.3360717139732032,-0.22045589052479386,-0.22045589052479386,2.1050814433403837,-2.3339004794412195,3.5871504758057293,1.886617817117514,0.04096085201496786,1.5366411582394346,-0.9096927365178124,2
-0.20902527831959655,-0.44356973151709195,-0.20902527831959655,-0.20902527831959655,2.0455049046369234,-2.3114694294567575,3.543548140124277,0.4182793378079804,0.21292548172213568,1.3309836022521089,-1.140368192010972,2
-0.19274531548189128,-1.3360717139732032,-0.19274531548189128,-0.19274531548189128,2.0455049046369234,-2.3114694294567575,3.543548140124277,0.4182793378079804,0.5568547411364713,0.4740771189715848,-1.2557059197575517,2
-0.17092323763560552,1.3414342333951308,-0.17092323763560552,-0.17092323763560552,2.1050814433403837,-2.3339004794412195,3.5871504758057293,1.886617817117514,-1.3347561856423746,1.6051936769018766,-1.6017191029972915,2
-0.16364921168684357,-1.3360717139732032,-0.16364921168684357,-0.16364921168684357,3.8480771013057216,-4.181091920772489,3.543548140124277,1.0016462471552816,0.6944264449022055,-0.07434303032795059,0.12834681320140623,2
-0.15152583510557371,-0.44356973151709195,-0.15152583510557371,-0.15152583510557371,2.0455049046369234,-2.3114694294567575,3.543548140124277,0.4182793378079804,1.0039627783751077,0.7825634529525735,1.5123995461603645,2
-0.14875477760128344,0.4489322509390194,-0.14875477760128344,-0.14875477760128344,2.0455049046369234,-2.3114694294567575,3.543548140124277,0.4182793378079804,-1.2659703337595076,0.6111821562964687,0.3590222686945661,2
-0.12208334912248973,-1.3360717139732032,-0.12208334912248973,-0.12208334912248973,2.0455049046369234,-2.3114694294567575,3.543548140124277,0.4182793378079804,1.0039627783751077,-0.28000058631527636,-1.2172600105086921,2
-0.1051106219087119,0.4489322509390194,-0.1051106219087119,-0.1051106219087119,2.0455049046369234,-2.3114694294567575,3.543548140124277,0.4182793378079804,-1.231577407818074,1.5023648989082137,0.4743599964411459,2
-0.09368000970351459,1.3414342333951308,-0.09368000970351459,-0.09368000970351459,3.8480771013057216,-4.181091920772489,3.543548140124277,-0.748454480886623,0.24731840766356925,0.5083533783028058,0.32057635944570595,2
-0.06319837715632176,0.4489322509390194,-0.06319837715632176,-0.06319837715632176,2.0455049046369234,-2.3114694294567575,3.543548140124277,0.4182793378079804,1.141534482140842,0.09703826632815422,-0.2176663700383331,2
-0.06181284840417663,0.4489322509390194,-0.06181284840417663,-0.06181284840417663,2.0455049046369234,-2.3114694294567575,3.543548140124277,0.4182793378079804,0.7288193708436391,-1.2740121069206842,0.7819272704320255,2
-0.053499675891305866,-1.3360717139732032,-0.053499675891305866,-0.053499675891305866,7.453221494643322,-7.920336903403949,3.543548140124277,4.501847703239091,1.6574283712623452,-0.00579051166550866,-1.0634763735132522,2
-0.04484012119039881,-0.44356973151709195,-0.04484012119039881,-0.04484012119039881,3.0492155693005163,-0.9908216622217009,2.371288623442558,0.7151348309887243,1.6230354453209117,-0.45138188297138115,-1.3710436475041319,2
-0.04449373900236253,-0.44356973151709195,-0.04449373900236253,-0.04449373900236253,2.0455049046369234,-2.3114694294567575,3.543548140124277,0.4182793378079804,-0.23418255551650063,-0.8969732542772537,0.20523863169912618,2
-0.04102991712199971,-1.3360717139732032,-0.04102991712199971,-0.04102991712199971,2.0455049046369234,-2.3114694294567575,3.543548140124277,0.4182793378079804,-0.3373613333408013,1.2624310835896668,1.1279404536717652,2
-0.03444865554931035,1.3414342333951308,-0.03444865554931035,-0.03444865554931035,2.0455049046369234,-2.3114694294567575,3.543548140124277,0.4182793378079804,-1.1971844818766404,0.0284857476657123,-0.10232864229175334,2
-0.019554221463750212,-1.3360717139732032,-0.019554221463750212,-0.019554221463750212,3.8480771013057216,-4.181091920772489,3.543548140124277,0.4182793378079804,1.6230354453209117,-1.445393403576789,1.051048635174045,2
-0.004659787378190082,0.4489322509390194,-0.004659787378190082,-0.004659787378190082,2.0455049046369234,-2.3114694294567575,3.543548140124277,0.4182793378079804,0.9007840005508069,0.268419562984259,0.2821304501968462,2
0.0029606207586081257,1.3414342333951308,0.0029606207586081257,0.0029606207586081257,2.0455049046369234,-2.3114694294567575,3.543548140124277,0.4182793378079804,-0.3717542592822349,-1.513945922239231,0.3974681779434259,2
0.017162290468095694,1.3414342333951308,0.017162290468095694,0.017162290468095694,2.0455049046369234,-2.3114694294567575,3.543548140124277,-0.16508757153932133,-0.8876481484037383,-0.1428955489903925,-0.2176663700383331,2
0.02963204923740185,0.4489322509390194,0.02963204923740185,0.02963204923740185,3.0492155693005163,-0.9908216622217009,2.371288623442558,0.7151348309887243,1.3134991118480097,-0.8626969949460327,-1.101922282762112,2
0.048683069579397366,1.3414342333951308,0.048683069579397366,0.048683069579397366,3.0063675416747833,-3.2687117250990845,3.5871504758057293,1.886617817117514,-0.6468976668137034,1.3652598615833298,-0.2176663700383331,2
0.049722216143506213,-1.3360717139732032,0.049722216143506213,0.049722216143506213,3.8480771013057216,-4.181091920772489,3.543548140124277,1.0016462471552816,-0.13100377769219995,0.06276200699693327,-1.140368192010972,2
0.054571566776014165,-0.44356973151709195,0.054571566776014165,0.054571566776014165,2.0455049046369234,-2.3114694294567575,3.543548140124277,0.4182793378079804,-1.6442925191152766,-1.445393403576789,1.5508454554092244,2
0.06046006397263096,1.3414342333951308,0.06046006397263096,0.06046006397263096,3.0063675416747833,-3.2687117250990845,3.5871504758057293,1.886617817117514,0.24731840766356925,1.193878564927225,0.5512518149388659,2
0.06530941460513891,0.4489322509390194,0.06530941460513891,0.06530941460513891,3.8480771013057216,-4.181091920772489,3.543548140124277,2.168380065849885,1.0383557043165412,1.296707342920888,0.20523863169912618,2
0.09994763340876713,1.3414342333951308,0.09994763340876713,0.09994763340876713,3.8480771013057216,-4.181091920772489,3.543548140124277,2.168380065849885,0.07535377795640143,0.23414330365303807,1.5508454554092244,2
0.10514336622931136,-1.3360717139732032,0.10514336622931136,0.10514336622931136,7.453221494643322,-7.920336903403949,3.543548140124277,4.501847703239091,1.141534482140842,-1.2397358475894633,1.6661831831558045,2
0.1293901193918511,0.4489322509390194,0.1293901193918511,0.1293901193918511,3.3663727798230427,-3.602746523636169,3.630752811487184,1.4037857946418562,-0.6812905927551369,-0.3485531049777183,0.6281436334365855,2
0.13631776315257674,1.3414342333951308,0.13631776315257674,0.13631776315257674,3.8480771013057216,-4.181091920772489,3.543548140124277,0.4182793378079804,1.3822849637308767,0.5769058969652476,-0.525233644029213,2
0.13804967409275817,-1.3360717139732032,0.13804967409275817,0.13804967409275817,2.0455049046369234,-2.3114694294567575,3.543548140124277,0.4182793378079804,-1.7130783709981439,-0.554210660965044,0.4743599964411459,2
0.1681849244519147,-0.44356973151709195,0.1681849244519147,0.1681849244519147,3.0492155693005163,-0.9908216622217009,2.371288623442558,0.7151348309887243,1.0039627783751077,-0.657039438958707,0.8972649981786053,2
0.17476618602460406,0.4489322509390194,0.17476618602460406,0.17476618602460406,3.8480771013057216,-4.181091920772489,3.543548140124277,2.168380065849885,-1.4035420375252419,-1.0683545509333585,-1.6401650122461513,2
0.17857639009300316,0.4489322509390194,0.17857639009300316,0.17857639009300316,2.0455049046369234,-2.3114694294567575,3.543548140124277,0.4182793378079804,-0.5093259630479692,1.6394699362330976,0.20523863169912618,2
0.18688956260587394,-1.3360717139732032,0.18688956260587394,0.18688956260587394,2.0455049046369234,-2.3114694294567575,3.543548140124277,0.4182793378079804,-1.3691491115838081,-1.6167747002328938,0.5896977241877257,2
0.18758232698194652,0.4489322509390194,0.18758232698194652,0.18758232698194652,3.3663727798230427,-3.602746523636169,3.630752811487184,1.4037857946418562,-0.7156835186965705,0.30269582231548,-1.5248272844995716,2
0.19208529542641817,-0.44356973151709195,0.19208529542641817,0.19208529542641817,3.8480771013057216,-4.181091920772489,3.543548140124277,1.0016462471552816,1.691821297203779,0.43980085964036386,-0.7174631902735126,2
0.19485635293070844,0.4489322509390194,0.19485635293070844,0.19485635293070844,2.0455049046369234,-2.3114694294567575,3.543548140124277,0.4182793378079804,0.21292548172213568,-0.588486920296265,1.3586159091649248,2
0.2052478185717969,1.3414342333951308,0.2052478185717969,0.2052478185717969,2.0455049046369234,-2.3114694294567575,3.543548140124277,0.4182793378079804,1.0727486302579747,-0.45138188297138115,-1.5632731937484314,2
0.209058022640196,-0.44356973151709195,0.209058022640196,0.209058022640196,5.65064929797452,-6.050714412088219,3.543548140124277,2.168380065849885,-0.6125047408722698,-0.8626969949460327,-0.525233644029213,2
0.22187416359753845,0.4489322509390194,0.22187416359753845,0.22187416359753845,3.907653640009182,-4.203522970756951,3.5871504758057293,2.4699847264648156,1.2447132599651425,-0.6913156982899279,1.0894945444229054,2
0.2343439223668446,1.3414342333951308,0.2343439223668446,0.2343439223668446,7.453221494643322,-7.920336903403949,3.543548140124277,4.501847703239091,0.5912476670779049,1.1253260462647832,1.5508454554092244,2
0.25131664958062244,0.4489322509390194,0.25131664958062244,0.25131664958062244,3.8480771013057216,-4.181091920772489,3.543548140124277,-0.748454480886623,-1.3003632597009411,1.0567735276023411,-1.6017191029972915,2
0.27521702055512587,1.3414342333951308,0.27521702055512587,0.27521702055512587,2.0455049046369234,-2.3114694294567575,3.543548140124277,0.4182793378079804,-0.3717542592822349,0.9196684902774573,1.2817240906672052,2
0.2883795437005046,-1.3360717139732032,0.2883795437005046,0.2883795437005046,2.0455049046369234,-2.3114694294567575,3.543548140124277,0.4182793378079804,-1.5411137412909761,-1.342564625583126,-1.4479354660018515,2
0.3199003228118063,-0.44356973151709195,0.3199003228118063,0.3199003228118063,2.1050814433403837,-2.3339004794412195,3.5871504758057293,1.886617817117514,-1.0940057040523397,1.296707342920888,1.320169999916065,2
0.3351411390854027,-1.3360717139732032,0.3351411390854027,0.3351411390854027,5.65064929797452,-6.050714412088219,3.543548140124277,2.168380065849885,-1.231577407818074,-1.2397358475894633,1.2817240906672052,2
0.33964410752987434,-1.3360717139732032,0.33964410752987434,0.33964410752987434,7.453221494643322,-7.920336903403949,3.543548140124277,4.501847703239091,-0.09661085175076639,-0.21144806765283444,0.9357109074274654,2
0.34206878284612835,-1.3360717139732032,0.34206878284612835,0.34206878284612835,2.0455049046369234,-2.3114694294567575,3.543548140124277,1.5850131565025831,-1.1283986299937732,-0.040066770996729624,-0.33300409778491324,2
0.344147075974346,-1.3360717139732032,0.344147075974346,0.344147075974346,2.0455049046369234,-2.3114694294567575,3.543548140124277,0.4182793378079804,0.21292548172213568,0.9882210089398993,-0.1407745515406135,2
0.35800236349579734,0.4489322509390194,0.35800236349579734,0.35800236349579734,2.0455049046369234,-2.3114694294567575,3.543548140124277,0.4182793378079804,1.519856667496611,0.6111821562964687,0.43591408719228575,2
0.3597342744359787,1.3414342333951308,0.3597342744359787,0.3597342744359787,2.0455049046369234,-2.3114694294567575,3.543548140124277,0.4182793378079804,1.3478920377894432,0.268419562984259,-1.0250304642643924,2
0.36943297570099465,0.4489322509390194,0.36943297570099465,0.36943297570099465,2.0455049046369234,-2.3114694294567575,3.543548140124277,0.4182793378079804,-0.9564340002866054,1.193878564927225,0.2821304501968462,2
0.37670700164975657,0.4489322509390194,0.37670700164975657,0.37670700164975657,2.0455049046369234,-2.3114694294567575,3.543548140124277,0.4182793378079804,-0.2685754814579342,1.6737461955643185,-0.5636795532780728,2
0.37809253040190166,-1.3360717139732032,0.37809253040190166,0.37809253040190166,2.0455049046369234,-2.3114694294567575,3.543548140124277,0.4182793378079804,-0.40614718522366844,-1.2054595882582424,0.20523863169912618,2
0.38051720571815567,0.4489322509390194,0.38051720571815567,0.38051720571815567,2.0455049046369234,-2.3114694294567575,3.543548140124277,0.4182793378079804,1.141534482140842,0.5083533783028058,-1.140368192010972,2
0.4085741629490945,1.3414342333951308,0.4085741629490945,0.4085741629490945,2.0455049046369234,-2.3114694294567575,3.543548140124277,0.4182793378079804,-1.6786854450567104,-1.445393403576789,-0.44834182553149304,2
0.41758009983803784,1.3414342333951308,0.41758009983803784,0.41758009983803784,2.0455049046369234,-2.3114694294567575,3.543548140124277,0.4182793378079804,1.7262142231452124,-1.7196034782265568,-1.3710436475041319,2
0.4376702667441422,0.4489322509390194,0.4376702667441422,0.4376702667441422,2.0455049046369234,-2.3114694294567575,3.543548140124277,1.5850131565025831,-1.3003632597009411,-1.342564625583126,1.4355077276626442,2
0.4432123817527227,0.4489322509390194,0.4432123817527227,0.4432123817527227,7.453221494643322,-7.920336903403949,3.543548140124277,4.501847703239091,0.07535377795640143,0.9196684902774573,0.2821304501968462,2
0.4477153501971944,-0.44356973151709195,0.4477153501971944,0.4477153501971944,5.65064929797452,-6.050714412088219,3.543548140124277,2.168380065849885,-1.0940057040523397,1.5023648989082137,-0.17922046078947332,2
0.4577604336502466,0.4489322509390194,0.4577604336502466,0.4577604336502466,3.8480771013057216,-4.181091920772489,3.543548140124277,0.4182793378079804,-0.6812905927551369,1.0567735276023411,-1.0634763735132522,2
0.46399531303489966,-0.44356973151709195,0.46399531303489966,0.46399531303489966,3.8480771013057216,-4.181091920772489,3.543548140124277,-0.16508757153932133,-0.19978962957506707,0.23414330365303807,1.5508454554092244,2
0.47750421836831464,1.3414342333951308,0.47750421836831464,0.47750421836831464,2.0455049046369234,-2.3114694294567575,3.543548140124277,0.4182793378079804,1.210320334023709,-1.2054595882582424,-1.3710436475041319,2
0.49274503464191105,-0.44356973151709195,0.49274503464191105,0.49274503464191105,3.0063675416747833,-3.2687117250990845,3.5871504758057293,1.303250907770213,1.4854637415551775,0.3712483409779219,-0.025436823794033375,2
0.5183773165565959,0.4489322509390194,0.5183773165565959,0.5183773165565959,3.0063675416747833,-3.2687117250990845,3.5871504758057293,1.303250907770213,-0.30296840739936776,1.6737461955643185,-0.5636795532780728,2
0.5187236987446322,-1.3360717139732032,0.5187236987446322,0.5187236987446322,3.3663727798230427,-3.602746523636169,3.630752811487184,1.4037857946418562,1.3478920377894432,-0.7255919576211488,0.243684540947986,2
0.5377747190866278,0.4489322509390194,0.5377747190866278,0.5377747190866278,2.1050814433403837,-2.3339004794412195,3.5871504758057293,1.886617817117514,-1.6786854450567104,1.3309836022521089,-1.6017191029972915,2
0.5530155353602242,-1.3360717139732032,0.5530155353602242,0.5530155353602242,3.3663727798230427,-3.602746523636169,3.630752811487184,1.4037857946418562,-1.0940057040523397,1.6394699362330976,1.320169999916065,2
0.5630606188132764,-0.44356973151709195,0.5630606188132764,0.5630606188132764,5.65064929797452,-6.050714412088219,3.543548140124277,2.168380065849885,1.3478920377894432,-0.9998020322709166,0.01300908545482644,2
0.578647817274909,1.3414342333951308,0.578647817274909,0.578647817274909,2.0455049046369234,-2.3114694294567575,3.543548140124277,0.4182793378079804,0.3504971854878699,1.6394699362330976,1.051048635174045,2
0.5918103404202878,-0.44356973151709195,0.5918103404202878,0.5918103404202878,7.453221494643322,-7.920336903403949,3.543548140124277,4.501847703239091,-0.9564340002866054,0.06276200699693327,1.6661831831558045,2
0.5921567226083241,1.3414342333951308,0.5921567226083241,0.5921567226083241,2.0455049046369234,-2.3114694294567575,3.543548140124277,0.4182793378079804,-0.13100377769219995,-1.548222181570452,0.08990090395254641,2
0.6035873348135213,-0.44356973151709195,0.6035873348135213,0.6035873348135213,3.0063675416747833,-3.2687117250990845,3.5871504758057293,1.886617817117514,-0.5437188889894027,-1.513945922239231,0.8588190889297455,2
0.6087830676340656,0.4489322509390194,0.6087830676340656,0.6087830676340656,7.453221494643322,-7.920336903403949,3.543548140124277,4.501847703239091,-0.5781118149308363,1.228154824258446,-0.9096927365178124,2
0.6160570935828276,1.3414342333951308,0.6160570935828276,0.6160570935828276,2.0455049046369234,-2.3114694294567575,3.543548140124277,1.0016462471552816,1.519856667496611,-0.1428955489903925,-0.6021254625269328,2
0.6468851083180567,1.3414342333951308,0.6468851083180567,0.6468851083180567,3.8480771013057216,-4.181091920772489,3.543548140124277,2.168380065849885,1.691821297203779,-0.00579051166550866,-0.8328009180200925,2
0.6472314905060929,-1.3360717139732032,0.6472314905060929,0.6472314905060929,2.0455049046369234,-2.3114694294567575,3.543548140124277,0.4182793378079804,0.14413962983926853,1.4338123802457716,-0.8328009180200925,2
0.6597012492753991,1.3414342333951308,0.6597012492753991,0.6597012492753991,2.0455049046369234,-2.3114694294567575,3.543548140124277,0.4182793378079804,1.210320334023709,1.1253260462647832,1.6661831831558045,2
0.6624723067796893,1.3414342333951308,0.6624723067796893,0.6624723067796893,7.453221494643322,-7.920336903403949,3.543548140124277,4.501847703239091,1.451070815613744,-1.1711833289270213,-0.025436823794033375,2
0.6856799133781202,-1.3360717139732032,0.6856799133781202,0.6856799133781202,2.0455049046369234,-2.3114694294567575,3.543548140124277,0.4182793378079804,0.9695698524336741,0.09703826632815422,0.8203731796808853,2
0.7085411377885148,0.4489322509390194,0.7085411377885148,0.7085411377885148,2.0455049046369234,-2.3114694294567575,3.543548140124277,0.4182793378079804,-0.13100377769219995,0.13131452565937518,-0.7174631902735126,2
0.7182398390535307,-0.44356973151709195,0.7182398390535307,0.7182398390535307,2.0455049046369234,-2.3114694294567575,3.543548140124277,0.4182793378079804,-0.6468976668137034,-0.7941444762835908,-0.10232864229175334,2
0.7189326034296033,1.3414342333951308,0.7189326034296033,0.7189326034296033,2.0455049046369234,-2.3114694294567575,3.543548140124277,0.4182793378079804,-0.9220410743451719,-0.1428955489903925,-0.1407745515406135,2
0.7424865922160705,-1.3360717139732032,0.7424865922160705,0.7424865922160705,2.0455049046369234,-2.3114694294567575,3.543548140124277,0.4182793378079804,-1.4379349634666754,-0.21144806765283444,-0.7943550087712326,2
0.782320543840243,0.4489322509390194,0.782320543840243,0.782320543840243,2.1050814433403837,-2.3339004794412195,3.5871504758057293,1.886617817117514,-0.7844693705794377,-0.588486920296265,0.5512518149388659,2
0.8034498573104562,-0.44356973151709195,0.8034498573104562,0.8034498573104562,2.0455049046369234,-2.3114694294567575,3.543548140124277,0.4182793378079804,-1.2659703337595076,-1.0683545509333585,-0.8712468272689523,2
0.847440395191064,-0.44356973151709195,0.847440395191064,0.847440395191064,3.8480771013057216,-4.181091920772489,3.543548140124277,-0.748454480886623,1.1071415561994082,0.0284857476657123,0.43591408719228575,2
0.8519433636355357,0.4489322509390194,0.8519433636355357,0.8519433636355357,3.0063675416747833,-3.2687117250990845,3.5871504758057293,1.303250907770213,1.4166778896723105,0.5426296376340267,0.16679272245026638,2
0.8547144211398259,0.4489322509390194,0.8547144211398259,0.8547144211398259,2.0455049046369234,-2.3114694294567575,3.543548140124277,0.4182793378079804,0.6256405930193384,0.4740771189715848,0.32057635944570595,2
0.8671841799091321,-1.3360717139732032,0.8671841799091321,0.8671841799091321,2.0455049046369234,-2.3114694294567575,3.543548140124277,0.4182793378079804,1.3822849637308767,-0.17717180832161347,0.05145499470368625,2
0.8782684099262931,-0.44356973151709195,0.8782684099262931,0.8782684099262931,2.0455049046369234,-2.3114694294567575,3.543548140124277,0.4182793378079804,-0.13100377769219995,0.19986704432181712,-0.17922046078947332,2
0.8789611743023656,1.3414342333951308,0.8789611743023656,0.8789611743023656,2.0455049046369234,-2.3114694294567575,3.543548140124277,0.4182793378079804,1.0727486302579747,-0.1428955489903925,0.5896977241877257,2
0.8834641427468374,1.3414342333951308,0.8834641427468374,0.8834641427468374,2.0455049046369234,-2.3114694294567575,3.543548140124277,0.4182793378079804,0.38489011142930346,-0.4856581423026021,0.16679272245026638,2
0.890391786507563,-0.44356973151709195,0.890391786507563,0.890391786507563,3.0063675416747833,-3.2687117250990845,3.5871504758057293,1.886617817117514,1.691821297203779,-0.8969732542772537,1.4355077276626442,2
0.8973194302682886,-1.3360717139732032,0.8973194302682886,0.8973194302682886,2.0455049046369234,-2.3114694294567575,3.543548140124277,1.5850131565025831,0.8319981486679398,-0.7598682169523698,-1.178814101259832,2
0.9090964246615222,-0.44356973151709195,0.9090964246615222,0.9090964246615222,3.0063675416747833,-3.2687117250990845,3.5871504758057293,1.886617817117514,-1.5067208153495424,1.0567735276023411,0.9741568166763251,2
0.9129066287299213,-1.3360717139732032,0.9129066287299213,0.9129066287299213,3.0063675416747833,-3.2687117250990845,3.5871504758057293,1.886617817117514,0.5224618151950378,-1.3082883662519051,0.7819272704320255,2
0.9274546806274452,-0.44356973151709195,0.9274546806274452,0.9274546806274452,3.0492155693005163,-0.9908216622217009,2.371288623442558,0.7151348309887243,1.210320334023709,-0.9998020322709166,-0.4098959162826329,2
0.9568971666105291,-0.44356973151709195,0.9568971666105291,0.9568971666105291,2.164657982043844,-2.356331529425681,2.1773416221053785,1.5982414310909576,1.210320334023709,-0.00579051166550866,-1.5248272844995716,2
0.9572435487985654,0.4489322509390194,0.9572435487985654,0.9572435487985654,2.0455049046369234,-2.3114694294567575,3.543548140124277,0.4182793378079804,-1.1971844818766404,0.8853922309462363,0.6665895426854457,2
0.9728307472601981,-0.44356973151709195,0.9728307472601981,0.9728307472601981,2.0455049046369234,-2.3114694294567575,3.543548140124277,0.4182793378079804,-1.0596127781109062,1.4680886395769928,-0.33300409778491324,2
0.9745626582003796,1.3414342333951308,0.9745626582003796,0.9745626582003796,3.0063675416747833,-3.2687117250990845,3.5871504758057293,1.303250907770213,-0.8876481484037383,-0.9312495136084746,-0.525233644029213,2
0.9759481869525246,-0.44356973151709195,0.9759481869525246,0.9759481869525246,2.0455049046369234,-2.3114694294567575,3.543548140124277,0.4182793378079804,-0.3373613333408013,1.4338123802457716,-0.8712468272689523,2
0.9835685950893228,0.4489322509390194,0.9835685950893228,0.9835685950893228,1.562782180783243,-1.6533446328683121,1.1018173419628434,1.4842137041391716,1.5542495934380447,0.23414330365303807,-1.178814101259832,2
0.9856468882175405,0.4489322509390194,0.9856468882175405,0.9856468882175405,2.0455049046369234,-2.3114694294567575,3.543548140124277,1.0016462471552816,-0.19978962957506707,1.4338123802457716,-1.4479354660018515,2
0.9866860347816494,-0.44356973151709195,0.9866860347816494,0.9866860347816494,3.0063675416747833,-3.2687117250990845,3.5871504758057293,1.303250907770213,0.6256405930193384,0.13131452565937518,-1.178814101259832,2
0.9939600607304113,0.4489322509390194,0.9939600607304113,0.9939600607304113,3.8480771013057216,-4.181091920772489,3.543548140124277,2.168380065849885,0.04096085201496786,-0.8284207356148118,0.05145499470368625,2
1.0005413223031008,-1.3360717139732032,1.0005413223031008,1.0005413223031008,2.0455049046369234,-2.3114694294567575,3.543548140124277,0.4182793378079804,-1.4723278894081089,1.0224972682711202,0.9741568166763251,2
1.0178604317049147,-0.44356973151709195,1.0178604317049147,1.0178604317049147,2.0455049046369234,-2.3114694294567575,3.543548140124277,0.4182793378079804,-0.13100377769219995,-1.548222181570452,-0.2945581885360531,2
1.0195923426450961,1.3414342333951308,1.0195923426450961,1.0195923426450961,2.0455049046369234,-2.3114694294567575,3.543548140124277,0.4182793378079804,-0.5437188889894027,0.7140109342901315,-0.9096927365178124,2
1.0317157192263662,-1.3360717139732032,1.0317157192263662,1.0317157192263662,2.1050814433403837,-2.3339004794412195,3.5871504758057293,1.886617817117514,-0.8532552224623048,0.43980085964036386,0.05145499470368625,2
1.0344867767306563,-0.44356973151709195,1.0344867767306563,1.0344867767306563,2.0455049046369234,-2.3114694294567575,3.543548140124277,0.4182793378079804,-0.8876481484037383,-1.1026308102645794,-1.140368192010972,2
1.0403752739272731,0.4489322509390194,1.0403752739272731,1.0403752739272731,2.0455049046369234,-2.3114694294567575,3.543548140124277,0.4182793378079804,-0.8188622965208712,0.13131452565937518,0.8588190889297455,2
1.0431463314315634,-0.44356973151709195,1.0431463314315634,1.0431463314315634,3.0063675416747833,-3.2687117250990845,3.5871504758057293,1.303250907770213,-1.4035420375252419,-0.4856581423026021,-0.6021254625269328,2
1.0656611736539217,-1.3360717139732032,1.0656611736539217,1.0656611736539217,3.8480771013057216,-4.181091920772489,3.543548140124277,1.0016462471552816,1.1071415561994082,1.6737461955643185,-0.33300409778491324,2
1.0687786133462482,-1.3360717139732032,1.0687786133462482,1.0687786133462482,3.3663727798230427,-3.602746523636169,3.630752811487184,1.4037857946418562,0.2817113336050028,1.3652598615833298,-0.7943550087712326,2
1.0812483721155544,-1.3360717139732032,1.0812483721155544,1.0812483721155544,3.8480771013057216,-4.181091920772489,3.543548140124277,2.168380065849885,-1.5755066672324096,-1.0683545509333585,0.6665895426854457,2
1.0888687802523527,-1.3360717139732032,1.0888687802523527,1.0888687802523527,2.0455049046369234,-2.3114694294567575,3.543548140124277,0.4182793378079804,-0.7156835186965705,1.1253260462647832,0.16679272245026638,2
1.091639837756643,-0.44356973151709195,1.091639837756643,1.091639837756643,3.3663727798230427,-3.602746523636169,3.630752811487184,1.4037857946418562,-1.3003632597009411,-0.17717180832161347,-1.4479354660018515,2
1.0937181308848607,1.3414342333951308,1.0937181308848607,1.0937181308848607,2.164657982043844,-2.356331529425681,2.1773416221053785,2.181608340438258,1.7262142231452124,-0.9998020322709166,-1.101922282762112,2
1.1020313033977314,-1.3360717139732032,1.1020313033977314,1.1020313033977314,3.8480771013057216,-4.181091920772489,3.543548140124277,-0.16508757153932133,0.5568547411364713,-1.0340782916021376,-0.5636795532780728,2
1.1231606168679447,-1.3360717139732032,1.1231606168679447,1.1231606168679447,2.0455049046369234,-2.3114694294567575,3.543548140124277,0.4182793378079804,-1.5755066672324096,1.5023648989082137,-1.2557059197575517,2
1.1325129359449242,-0.44356973151709195,1.1325129359449242,1.1325129359449242,2.0455049046369234,-2.3114694294567575,3.543548140124277,1.0016462471552816,1.7262142231452124,-0.3142768456464973,-1.140368192010972,2
1.1404797262697586,-1.3360717139732032,1.1404797262697586,1.1404797262697586,2.0455049046369234,-2.3114694294567575,3.543548140124277,0.4182793378079804,0.5912476670779049,-0.588486920296265,-1.5632731937484314,2
1.1768498560135683,-1.3360717139732032,1.1768498560135683,1.1768498560135683,3.8480771013057216,-4.181091920772489,3.543548140124277,-0.748454480886623,0.10974670389783499,0.7140109342901315,0.8972649981786053,2
1.184816646338403,0.4489322509390194,1.184816646338403,1.184816646338403,2.1050814433403837,-2.3339004794412195,3.5871504758057293,1.886617817117514,-0.440540111165102,0.6111821562964687,0.243684540947986,2
1.2031749023043257,-1.3360717139732032,1.2031749023043257,1.2031749023043257,3.8480771013057216,-4.181091920772489,3.543548140124277,-0.16508757153932133,1.6574283712623452,1.091049786933562,1.3970618184137844,2
1.2066387241846885,-0.44356973151709195,1.2066387241846885,1.2066387241846885,7.453221494643322,-7.920336903403949,3.543548140124277,4.501847703239091,0.3504971854878699,-0.8626969949460327,-1.101922282762112,2
1.218415718577922,0.4489322509390194,1.218415718577922,1.218415718577922,2.0455049046369234,-2.3114694294567575,3.543548140124277,0.4182793378079804,0.5224618151950378,0.7482871936213525,0.6665895426854457,2
1.2433552361165345,0.4489322509390194,1.2433552361165345,1.2433552361165345,2.1050814433403837,-2.3339004794412195,3.5871504758057293,1.886617817117514,-0.8532552224623048,-0.07434303032795059,-0.6405713717757928,2
1.2454335292447523,0.4489322509390194,1.2454335292447523,1.2454335292447523,7.453221494643322,-7.920336903403949,3.543548140124277,4.501847703239091,1.1759274080822755,-0.7941444762835908,-1.0250304642643924,2
1.253746701757623,-0.44356973151709195,1.253746701757623,1.253746701757623,3.907653640009182,-4.203522970756951,3.5871504758057293,2.4699847264648156,1.7262142231452124,0.6454584156276896,-1.6017191029972915,2
1.2793789836723077,1.3414342333951308,1.2793789836723077,1.2793789836723077,3.8480771013057216,-4.181091920772489,3.543548140124277,-0.748454480886623,0.9351769264922405,0.3712483409779219,-0.44834182553149304,2
1.295658946510013,0.4489322509390194,1.295658946510013,1.295658946510013,3.907653640009182,-4.203522970756951,3.5871504758057293,2.4699847264648156,-0.9220410743451719,-0.00579051166550866,1.051048635174045,2
1.3081287052793191,-0.44356973151709195,1.3081287052793191,1.3081287052793191,2.0455049046369234,-2.3114694294567575,3.543548140124277,0.4182793378079804,-1.5755066672324096,-0.9655257729396955,-0.8712468272689523,2
1.3282188721854236,-1.3360717139732032,1.3282188721854236,1.3282188721854236,3.3663727798230427,-3.602746523636169,3.630752811487184,1.4037857946418562,-1.3347561856423746,-1.342564625583126,1.627737273906944,2
1.3535047719120723,-1.3360717139732032,1.3535047719120723,1.3535047719120723,2.0455049046369234,-2.3114694294567575,3.543548140124277,0.4182793378079804,1.210320334023709,0.7140109342901315,0.3590222686945661,2
1.35835412254458,0.4489322509390194,1.35835412254458,1.35835412254458,2.164657982043844,-2.356331529425681,2.1773416221053785,2.181608340438258,0.8319981486679398,-1.548222181570452,0.8972649981786053,2
1.379137053826757,-0.44356973151709195,1.379137053826757,1.379137053826757,3.0063675416747833,-3.2687117250990845,3.5871504758057293,1.303250907770213,0.7976052227265062,-0.588486920296265,0.9357109074274654,2
1.38537193321141,0.4489322509390194,1.38537193321141,1.38537193321141,2.0455049046369234,-2.3114694294567575,3.543548140124277,0.4182793378079804,-0.19978962957506707,1.4680886395769928,1.5123995461603645,2
1.4082331576218048,1.3414342333951308,1.4082331576218048,1.4082331576218048,2.0455049046369234,-2.3114694294567575,3.543548140124277,0.4182793378079804,-0.8876481484037383,-0.7941444762835908,-1.3710436475041319,2
1.408579539809841,-0.44356973151709195,1.408579539809841,1.408579539809841,2.0455049046369234,-2.3114694294567575,3.543548140124277,0.4182793378079804,1.7262142231452124,-1.6510509595641147,1.166386362920625,2
1.4127361260662765,-1.3360717139732032,1.4127361260662765,1.4127361260662765,2.0455049046369234,-2.3114694294567575,3.543548140124277,0.4182793378079804,0.21292548172213568,-1.6167747002328938,1.0894945444229054,2
1.4685036583401179,-0.44356973151709195,1.4685036583401179,1.4685036583401179,2.0455049046369234,-2.3114694294567575,3.543548140124277,0.4182793378079804,-1.1627915559352069,1.228154824258446,-0.9481386457666723,2
1.4771632130410248,-0.44356973151709195,1.4771632130410248,1.4771632130410248,2.0455049046369234,-2.3114694294567575,3.543548140124277,1.0016462471552816,-1.6098995931738431,0.7825634529525735,-0.1407745515406135,2
1.4788951239812063,-1.3360717139732032,1.4788951239812063,1.4788951239812063,2.1050814433403837,-2.3339004794412195,3.5871504758057293,1.886617817117514,1.141534482140842,0.7825634529525735,-0.7174631902735126,2
1.4840908568017506,-0.44356973151709195,1.4840908568017506,1.4840908568017506,2.1050814433403837,-2.3339004794412195,1.4070336917330224,1.0115674530965622,1.141534482140842,-0.1428955489903925,-0.48678773478035287,2
1.5197682221694877,0.4489322509390194,1.5197682221694877,1.5197682221694877,2.0455049046369234,-2.3114694294567575,3.543548140124277,0.4182793378079804,-1.3003632597009411,0.6797346749589106,-0.6021254625269328,2
1.526349483742177,-0.44356973151709195,1.526349483742177,1.526349483742177,2.0455049046369234,-2.3114694294567575,3.543548140124277,0.4182793378079804,1.1759274080822755,0.6797346749589106,-0.1407745515406135,2
1.526349483742177,-0.44356973151709195,1.526349483742177,1.526349483742177,3.907653640009182,-4.203522970756951,3.5871504758057293,2.4699847264648156,-0.30296840739936776,-0.45138188297138115,1.5508454554092244,2
1.5426294465798822,1.3414342333951308,1.5426294465798822,1.5426294465798822,2.0455049046369234,-2.3114694294567575,3.543548140124277,0.4182793378079804,1.691821297203779,-0.9655257729396955,-1.4863813752507116,2
1.5550992053491883,1.3414342333951308,1.5550992053491883,1.5550992053491883,3.3663727798230427,-3.602746523636169,3.630752811487184,1.4037857946418562,0.7632122967850726,1.5709174175706555,1.6661831831558045,2
1.5672225819304584,-1.3360717139732032,1.5672225819304584,1.5672225819304584,2.0455049046369234,-2.3114694294567575,3.543548140124277,0.4182793378079804,1.3478920377894432,1.4680886395769928,1.012602725925185,2
1.573111079127075,-1.3360717139732032,1.573111079127075,1.573111079127075,3.3663727798230427,-3.602746523636169,3.630752811487184,1.4037857946418562,1.141534482140842,-0.554210660965044,-1.4863813752507116,2
1.5758821366313653,0.4489322509390194,1.5758821366313653,1.5758821366313653,2.0455049046369234,-2.3114694294567575,3.543548140124277,1.5850131565025831,1.519856667496611,-0.8284207356148118,-0.33300409778491324,2
1.5855808378963812,-0.44356973151709195,1.5855808378963812,1.5855808378963812,2.0455049046369234,-2.3114694294567575,3.543548140124277,0.4182793378079804,-0.440540111165102,-1.2397358475894633,1.627737273906944,2
1.5983969788537236,1.3414342333951308,1.5983969788537236,1.5983969788537236,7.453221494643322,-7.920336903403949,3.543548140124277,4.501847703239091,1.1071415561994082,0.4740771189715848,1.5508454554092244,2
1.6032463294862316,0.4489322509390194,1.6032463294862316,1.6032463294862316,2.0455049046369234,-2.3114694294567575,3.543548140124277,0.4182793378079804,1.451070815613744,-1.2054595882582424,-1.2557059197575517,2
1.6177943813837554,-1.3360717139732032,1.6177943813837554,1.6177943813837554,2.0455049046369234,-2.3114694294567575,3.543548140124277,0.4182793378079804,1.1071415561994082,-1.7196034782265568,1.0894945444229054,2
1.6247220251444812,-1.3360717139732032,1.6247220251444812,1.6247220251444812,2.1050814433403837,-2.3339004794412195,3.5871504758057293,1.886617817117514,1.3134991118480097,-1.1711833289270213,0.243684540947986,2
1.6268003182726989,0.4489322509390194,1.6268003182726989,1.6268003182726989,2.0455049046369234,-2.3114694294567575,3.543548140124277,0.4182793378079804,0.9351769264922405,-0.657039438958707,0.08990090395254641,2
1.6413483701702227,-1.3360717139732032,1.6413483701702227,1.6413483701702227,3.8480771013057216,-4.181091920772489,3.543548140124277,-0.748454480886623,-0.990826926228039,-0.588486920296265,0.7434813611831657,2
1.6631704480165084,-1.3360717139732032,1.6631704480165084,1.6631704480165084,3.0492155693005163,-0.9908216622217009,2.371288623442558,0.7151348309887243,1.4854637415551775,-0.5199344016338231,0.4743599964411459,2
1.6666342698968712,-1.3360717139732032,1.6666342698968712,1.6666342698968712,2.164657982043844,-2.356331529425681,2.1773416221053785,2.181608340438258,1.6230354453209117,-1.1026308102645794,-1.7170568307438714,2
1.6700980917772341,-0.44356973151709195,1.6700980917772341,1.6700980917772341,2.0455049046369234,-2.3114694294567575,3.543548140124277,0.4182793378079804,0.7288193708436391,0.9196684902774573,0.3974681779434259,2
1.6884563477431571,1.3414342333951308,1.6884563477431571,1.6884563477431571,2.0455049046369234,-2.3114694294567575,3.543548140124277,0.4182793378079804,-1.3691491115838081,-0.28000058631527636,-1.3325977382552718,2
1.708200132461225,0.4489322509390194,1.708200132461225,1.708200132461225,3.8480771013057216,-4.181091920772489,3.543548140124277,2.168380065849885,0.7976052227265062,1.6394699362330976,-0.6405713717757928,2
1.709239279025334,-0.44356973151709195,1.709239279025334,1.709239279025334,3.8480771013057216,-4.181091920772489,3.543548140124277,1.0016462471552816,1.0727486302579747,0.33697208164670095,-0.17922046078947332,2
1.7158205405980234,1.3414342333951308,1.7158205405980234,1.7158205405980234,2.1050814433403837,-2.3339004794412195,3.5871504758057293,1.886617817117514,1.3822849637308767,-1.2054595882582424,0.9741568166763251,2
1.7220554199826763,-0.44356973151709195,1.7220554199826763,1.7220554199826763,3.3663727798230427,-3.602746523636169,3.630752811487184,1.4037857946418562,1.0727486302579747,0.5769058969652476,0.2821304501968462,2
